EventID,Order,SubjectID,EventType,CodeStateID,ServerTimestamp,ToolInstances,InterventionMessage,InterventionType,ParentEventID
0,0,Ada Bart 3,Submit,1,2018-11-02T08:22:58,VPL 3.3.1,,,
1,1,Ada Bart 3,Run.Program,1,2018-11-02T08:22:58,VPL 3.3.1,"<|--
Success!
-Overall
Incomplete
--|>
Grade :=>> 0
",Feedback,0
2,2,Ada Bart 3,Feedback.Grade,1,2018-11-02T08:22:58,VPL 3.3.1,0.00000,Grade,0
6,3,Austin Cory Bart 1,Submit,2,2018-11-02T08:22:58,VPL 3.3.1,,,
3,4,Ada Bart 3,Submit,1,2018-11-02T08:31:59,VPL 3.3.1,,,
4,5,Ada Bart 3,Run.Program,1,2018-11-02T08:31:59,VPL 3.3.1,"<|--
Success!
-Overall
Incomplete
--|>
Grade :=>> 0
",Feedback,3
5,6,Ada Bart 3,Feedback.Grade,1,2018-11-02T08:31:59,VPL 3.3.1,0.00000,Grade,3
